Processed,Method,URI,Flags
true,GET,http://10.0.1.6,Seed
true,GET,http://10.0.1.6/robots.txt,Seed
true,GET,http://10.0.1.6/sitemap.xml,Seed
true,GET,http://10.0.1.6/sqli/sqli.php,
true,GET,http://10.0.1.6/csrf/csrf.php,
true,GET,http://10.0.1.6/openredirect/openredirect.html,
true,GET,http://10.0.1.6/serverside/serverside.php,
true,GET,http://10.0.1.6/directorytraversal/cats.html,
true,GET,http://10.0.1.6/commandinjection/commandinjection.php,
true,POST,http://10.0.1.6/sqli/sqli.php,
true,GET,http://10.0.1.6/openredirect/openredirect.php?redirect=success.html,
true,POST,http://10.0.1.6/csrf/csrf.php,
true,GET,http://10.0.1.6/serverside/serverside.php?page=apples,
true,GET,http://10.0.1.6/serverside/serverside.php?page=oranges,
true,GET,http://10.0.1.6/serverside/serverside.php?page=bananas,
true,GET,http://10.0.1.6/directorytraversal/directorytraversal.php?ascii=angry.ascii,
true,GET,http://10.0.1.6/directorytraversal/directorytraversal.php?ascii=fence.ascii,
true,GET,http://10.0.1.6/directorytraversal/directorytraversal.php?ascii=stretch.ascii,
true,POST,http://10.0.1.6/commandinjection/commandinjection.php,
true,GET,http://10.0.1.6/openredirect/success.html,
